"","str123","N"
"1"," aah",1
"2"," aal",1
"3"," aar",1
"4"," aba",10
"5"," abb",4
"6"," abe",3
"7"," abh",1
"8"," abi",1
"9"," abl",3
"10"," abm",1
"11"," abo",8
"12"," abr",1
"13"," abu",3
"14"," aby",3
"15"," aca",1
"16"," ace",2
"17"," ach",3
"18"," aci",4
"19"," ack",1
"20"," acm",2
"21"," acn",2
"22"," aco",3
"23"," acr",3
"24"," act",3
"25"," acu",1
"26"," acy",1
"27"," ada",2
"28"," add",4
"29"," ade",2
"30"," adi",3
"31"," adm",4
"32"," ado",7
"33"," adu",3
"34"," ady",1
"35"," adz",2
"36"," aec",1
"37"," aed",1
"38"," aeg",1
"39"," aeo",1
"40"," aer",1
"41"," afa",1
"42"," aff",1
"43"," afi",1
"44"," afo",3
"45"," afr",1
"46"," aft",1
"47"," aga",7
"48"," age",3
"49"," agg",3
"50"," agh",1
"51"," agi",6
"52"," agl",4
"53"," agm",1
"54"," ago",4
"55"," agr",2
"56"," agu",1
"57"," ahe",1
"58"," ahi",1
"59"," aho",1
"60"," ahu",1
"61"," aid",3
"62"," ail",1
"63"," aim",2
"64"," aio",1
"65"," air",5
"66"," ais",1
"67"," ait",1
"68"," aiv",1
"69"," aji",1
"70"," aju",1
"71"," ake",3
"72"," ala",10
"73"," alb",2
"74"," alc",1
"75"," ald",2
"76"," ale",4
"77"," alf",1
"78"," alg",7
"79"," ali",10
"80"," alk",3
"81"," all",8
"82"," alm",6
"83"," alo",8
"84"," alp",1
"85"," alt",4
"86"," alu",2
"87"," alw",1
"88"," ama",4
"89"," amb",5
"90"," ame",5
"91"," ami",15
"92"," amm",1
"93"," amn",3
"94"," amo",5
"95"," amp",4
"96"," amu",2
"97"," amy",1
"98"," anc",2
"99"," and",1
"100"," ane",3
"101"," ang",7
"102"," ani",7
"103"," ank",3
"104"," anl",1
"105"," ann",5
"106"," ano",4
"107"," ans",1
"108"," ant",9
"109"," anv",1
"110"," any",1
"111"," aor",1
"112"," apa",2
"113"," ape",4
"114"," aph",2
"115"," api",3
"116"," apn",1
"117"," apo",2
"118"," app",4
"119"," apr",2
"120"," aps",2
"121"," apt",2
"122"," aqu",2
"123"," ara",2
"124"," arb",1
"125"," arc",2
"126"," ard",2
"127"," are",9
"128"," arg",8
"129"," arh",1
"130"," ari",4
"131"," arl",1
"132"," arm",4
"133"," aro",3
"134"," arp",1
"135"," arr",4
"136"," ars",3
"137"," art",3
"138"," aru",1
"139"," arv",2
"140"," ary",1
"141"," asa",1
"142"," asc",2
"143"," asd",1
"144"," ash",3
"145"," asi",1
"146"," ask",5
"147"," asp",4
"148"," ass",4
"149"," ast",2
"150"," asy",1
"151"," ata",2
"152"," ati",1
"153"," atl",1
"154"," atm",2
"155"," ato",6
"156"," atr",2
"157"," att",2
"158"," aud",3
"159"," aug",3
"160"," aul",1
"161"," aun",2
"162"," aur",9
"163"," aut",1
"164"," aux",1
"165"," ava",3
"166"," ave",3
"167"," avg",1
"168"," avi",3
"169"," avo",2
"170"," awa",5
"171"," awf",1
"172"," awi",1
"173"," awn",1
"174"," awo",2
"175"," axe",1
"176"," axi",7
"177"," axl",2
"178"," axm",2
"179"," axo",2
"180"," aya",1
"181"," ayi",1
"182"," aza",1
"183"," azi",3
"184"," azl",1
"185"," azo",5
"186"," azu",2
"187"," baa",2
"188"," bab",7
"189"," bac",3
"190"," bad",3
"191"," baf",2
"192"," bag",2
"193"," bah",1
"194"," bai",6
"195"," bak",3
"196"," bal",13
"197"," ban",12
"198"," bar",20
"199"," bas",14
"200"," bat",10
"201"," bau",2
"202"," baw",4
"203"," bay",2
"204"," baz",2
"205"," bea",16
"206"," beb",1
"207"," bec",2
"208"," bed",3
"209"," bee",8
"210"," bef",2
"211"," beg",7
"212"," bei",3
"213"," bel",10
"214"," bem",2
"215"," ben",9
"216"," ber",8
"217"," bes",5
"218"," bet",5
"219"," bev",2
"220"," bew",1
"221"," bez",2
"222"," bha",1
"223"," bho",1
"224"," bhu",1
"225"," bia",2
"226"," bib",2
"227"," bic",2
"228"," bid",6
"229"," bie",2
"230"," bif",3
"231"," big",5
"232"," bij",1
"233"," bik",4
"234"," bil",8
"235"," bim",3
"236"," bin",9
"237"," bio",4
"238"," bip",2
"239"," bir",9
"240"," bis",3
"241"," bit",6
"242"," biz",1
"243"," bla",18
"244"," ble",11
"245"," bli",9
"246"," blo",14
"247"," blu",13
"248"," bly",1
"249"," boa",5
"250"," bob",1
"251"," boc",4
"252"," bod",2
"253"," bof",2
"254"," bog",6
"255"," boh",2
"256"," boi",4
"257"," bol",8
"258"," bom",2
"259"," bon",12
"260"," boo",16
"261"," bor",13
"262"," bos",6
"263"," bot",5
"264"," bou",8
"265"," bov",1
"266"," bow",5
"267"," box",3
"268"," boy",3
"269"," boz",1
"270"," bra",29
"271"," bre",10
"272"," bri",21
"273"," bro",16
"274"," bru",10
"275"," bub",4
"276"," buc",2
"277"," bud",2
"278"," buf",4
"279"," bug",2
"280"," buh",2
"281"," bui",2
"282"," bul",8
"283"," bum",4
"284"," bun",12
"285"," buo",1
"286"," bup",1
"287"," bur",22
"288"," bus",7
"289"," but",9
"290"," bux",1
"291"," buy",1
"292"," bwa",1
"293"," byl",1
"294"," byr",2
"295"," bys",1
"296"," byt",1
"297"," byw",1
"298"," cab",6
"299"," cac",4
"300"," cad",7
"301"," cae",1
"302"," caf",2
"303"," cag",4
"304"," cah",1
"305"," cai",4
"306"," caj",1
"307"," cak",3
"308"," cal",10
"309"," cam",9
"310"," can",15
"311"," cap",8
"312"," car",26
"313"," cas",8
"314"," cat",4
"315"," cau",4
"316"," cav",5
"317"," caw",1
"318"," cea",1
"319"," ceb",1
"320"," cec",2
"321"," ced",5
"322"," cei",3
"323"," cel",7
"324"," cen",4
"325"," ceo",1
"326"," cep",1
"327"," cer",6
"328"," ces",2
"329"," cet",1
"330"," cha",28
"331"," che",16
"332"," chi",31
"333"," cho",14
"334"," chu",12
"335"," chy",2
"336"," cib",1
"337"," cid",1
"338"," cig",1
"339"," cil",1
"340"," cim",1
"341"," cin",2
"342"," cio",1
"343"," cir",3
"344"," cis",3
"345"," cit",3
"346"," civ",5
"347"," cla",23
"348"," cle",10
"349"," cli",10
"350"," clo",21
"351"," clu",7
"352"," cni",1
"353"," coa",9
"354"," cob",5
"355"," coc",6
"356"," cod",8
"357"," coe",1
"358"," cof",1
"359"," cog",1
"360"," coh",2
"361"," coi",5
"362"," cok",2
"363"," col",13
"364"," com",18
"365"," con",16
"366"," coo",15
"367"," cop",8
"368"," cor",16
"369"," cos",7
"370"," cot",4
"371"," cou",9
"372"," cov",7
"373"," cow",4
"374"," cox",4
"375"," coy",4
"376"," coz",4
"377"," cra",20
"378"," cre",15
"379"," cri",10
"380"," cro",17
"381"," cru",12
"382"," crw",1
"383"," cry",1
"384"," cub",7
"385"," cud",1
"386"," cuf",1
"387"," cui",3
"388"," cuk",1
"389"," cul",9
"390"," cum",1
"391"," cun",1
"392"," cup",4
"393"," cur",21
"394"," cus",5
"395"," cut",9
"396"," cuv",1
"397"," cya",2
"398"," cyb",1
"399"," cyc",4
"400"," cyd",1
"401"," cyl",1
"402"," cym",5
"403"," cyn",1
"404"," cys",1
"405"," cyt",1
"406"," cza",1
"407"," dac",2
"408"," dad",3
"409"," daf",2
"410"," dag",2
"411"," dah",1
"412"," dai",3
"413"," dal",2
"414"," dam",5
"415"," dan",4
"416"," dar",9
"417"," das",2
"418"," dat",6
"419"," dau",5
"420"," dav",2
"421"," daw",5
"422"," daz",2
"423"," dea",10
"424"," deb",7
"425"," dec",8
"426"," ded",1
"427"," dee",6
"428"," def",4
"429"," deg",2
"430"," dei",7
"431"," dek",3
"432"," del",11
"433"," dem",7
"434"," den",5
"435"," deo",1
"436"," dep",2
"437"," der",6
"438"," des",2
"439"," det",2
"440"," deu",1
"441"," dev",4
"442"," dew",4
"443"," dex",2
"444"," dha",2
"445"," dho",4
"446"," dhu",1
"447"," dia",3
"448"," dic",9
"449"," did",3
"450"," die",2
"451"," dif",1
"452"," dig",2
"453"," dik",4
"454"," dil",3
"455"," dim",3
"456"," din",12
"457"," dio",2
"458"," dip",2
"459"," dir",7
"460"," dis",6
"461"," dit",7
"462"," div",7
"463"," diw",1
"464"," dix",1
"465"," diz",2
"466"," dji",2
"467"," doa",1
"468"," dob",5
"469"," doc",1
"470"," dod",3
"471"," doe",3
"472"," dof",1
"473"," dog",6
"474"," doi",3
"475"," doj",1
"476"," dol",9
"477"," dom",4
"478"," don",9
"479"," doo",6
"480"," dop",5
"481"," dor",8
"482"," dos",3
"483"," dot",5
"484"," dou",8
"485"," dov",2
"486"," dow",9
"487"," dox",1
"488"," doy",2
"489"," doz",4
"490"," dra",17
"491"," dre",10
"492"," dri",11
"493"," dro",12
"494"," dru",7
"495"," dry",3
"496"," dua",2
"497"," duc",7
"498"," dud",3
"499"," due",2
"500"," duf",2
"501"," dui",1
"502"," duk",2
"503"," dul",4
"504"," dum",8
"505"," dun",8
"506"," duo",2
"507"," dup",4
"508"," dur",11
"509"," dus",4
"510"," dut",1
"511"," duv",1
"512"," dwa",1
"513"," dwe",3
"514"," dwi",1
"515"," dya",1
"516"," dye",1
"517"," dyi",1
"518"," dyk",3
"519"," dyn",2
"520"," eag",3
"521"," ear",5
"522"," eas",4
"523"," eat",2
"524"," eav",2
"525"," ebb",2
"526"," ebo",3
"527"," ech",3
"528"," ecl",1
"529"," ecr",1
"530"," ede",1
"531"," edg",3
"532"," edi",4
"533"," edu",2
"534"," eer",1
"535"," ega",1
"536"," ege",2
"537"," egg",3
"538"," egr",1
"539"," eid",2
"540"," eig",1
"541"," eik",1
"542"," eje",1
"543"," eki",1
"544"," ela",4
"545"," elb",1
"546"," eld",1
"547"," ele",3
"548"," elf",1
"549"," eli",3
"550"," elo",2
"551"," elu",2
"552"," elv",2
"553"," ema",1
"554"," emb",5
"555"," emc",1
"556"," eme",4
"557"," emi",2
"558"," emm",3
"559"," emo",1
"560"," emp",1
"561"," emy",2
"562"," ena",2
"563"," end",4
"564"," ene",2
"565"," enj",1
"566"," enn",1
"567"," eno",4
"568"," enr",1
"569"," ens",2
"570"," ent",3
"571"," enu",1
"572"," env",2
"573"," enz",1
"574"," eos",1
"575"," epa",1
"576"," epe",1
"577"," eph",4
"578"," epi",1
"579"," epo",3
"580"," equ",3
"581"," era",1
"582"," ere",1
"583"," erg",1
"584"," eri",1
"585"," ern",1
"586"," ero",2
"587"," err",2
"588"," ers",1
"589"," eru",3
"590"," erv",1
"591"," esc",2
"592"," esk",2
"593"," esn",1
"594"," ess",2
"595"," est",2
"596"," eta",1
"597"," eth",4
"598"," etn",1
"599"," etu",2
"600"," etw",1
"601"," ety",1
"602"," eur",1
"603"," eva",1
"604"," eve",4
"605"," evi",3
"606"," evo",1
"607"," ewe",1
"608"," exa",3
"609"," exc",1
"610"," exe",2
"611"," exi",5
"612"," exo",1
"613"," exp",3
"614"," ext",2
"615"," exu",3
"616"," eya",1
"617"," eye",1
"618"," eyi",1
"619"," eyr",4
"620"," fab",1
"621"," fac",6
"622"," fad",6
"623"," fae",2
"624"," fag",3
"625"," fai",5
"626"," fak",5
"627"," fal",2
"628"," fam",2
"629"," fan",8
"630"," faq",1
"631"," far",13
"632"," fas",1
"633"," fat",7
"634"," fau",6
"635"," fav",4
"636"," faw",2
"637"," fax",2
"638"," fay",1
"639"," faz",2
"640"," fea",5
"641"," fec",3
"642"," fed",1
"643"," fee",4
"644"," fei",3
"645"," fel",6
"646"," fem",3
"647"," fen",3
"648"," feo",2
"649"," fer",8
"650"," fes",2
"651"," fet",8
"652"," feu",3
"653"," fev",1
"654"," few",1
"655"," fey",2
"656"," fez",2
"657"," fia",2
"658"," fib",2
"659"," fic",5
"660"," fid",2
"661"," fie",4
"662"," fif",5
"663"," fig",1
"664"," fil",16
"665"," fin",11
"666"," fio",1
"667"," fiq",1
"668"," fir",8
"669"," fis",3
"670"," fit",2
"671"," fiv",2
"672"," fix",4
"673"," fiz",1
"674"," fje",1
"675"," fjo",1
"676"," fla",21
"677"," fle",9
"678"," fli",12
"679"," flo",16
"680"," flu",16
"681"," fly",3
"682"," foa",3
"683"," foc",2
"684"," foe",1
"685"," fog",3
"686"," foh",1
"687"," foi",3
"688"," fol",8
"689"," fon",3
"690"," foo",4
"691"," for",19
"692"," fos",2
"693"," fou",4
"694"," fov",1
"695"," fow",1
"696"," fox",2
"697"," foy",1
"698"," fra",10
"699"," fre",9
"700"," fri",13
"701"," fro",13
"702"," fru",3
"703"," fry",1
"704"," fub",2
"705"," fuc",2
"706"," fud",2
"707"," fue",1
"708"," fug",6
"709"," fuj",1
"710"," ful",2
"711"," fum",4
"712"," fun",7
"713"," fur",6
"714"," fus",7
"715"," fut",1
"716"," fuz",5
"717"," fyc",1
"718"," fyk",1
"719"," fyt",1
"720"," gab",2
"721"," gad",5
"722"," gaf",2
"723"," gag",3
"724"," gai",3
"725"," gal",8
"726"," gam",15
"727"," gan",5
"728"," gao",1
"729"," gap",4
"730"," gar",4
"731"," gas",4
"732"," gat",4
"733"," gau",10
"734"," gav",2
"735"," gaw",4
"736"," gay",3
"737"," gaz",5
"738"," gea",1
"739"," gec",2
"740"," gee",4
"741"," gel",4
"742"," gem",3
"743"," gen",13
"744"," geo",2
"745"," ger",3
"746"," ges",3
"747"," get",2
"748"," geu",1
"749"," gha",4
"750"," ghe",1
"751"," gho",2
"752"," ghy",1
"753"," gia",1
"754"," gib",3
"755"," gid",1
"756"," gif",1
"757"," gig",4
"758"," gil",4
"759"," gim",4
"760"," gin",3
"761"," gip",2
"762"," gir",9
"763"," gis",2
"764"," git",1
"765"," giv",3
"766"," giz",1
"767"," gla",13
"768"," gle",12
"769"," gli",8
"770"," glo",15
"771"," glu",10
"772"," gly",1
"773"," gna",7
"774"," gno",1
"775"," goa",3
"776"," gob",2
"777"," god",2
"778"," goe",1
"779"," gof",1
"780"," gog",1
"781"," goi",1
"782"," gol",4
"783"," gom",2
"784"," gon",8
"785"," goo",13
"786"," gop",1
"787"," gor",8
"788"," got",1
"789"," gou",4
"790"," gow",4
"791"," gox",1
"792"," goy",1
"793"," gra",25
"794"," gre",9
"795"," gri",19
"796"," gro",17
"797"," gru",7
"798"," gua",6
"799"," guc",1
"800"," gud",1
"801"," gue",2
"802"," guf",1
"803"," gui",7
"804"," gul",10
"805"," gum",3
"806"," gun",3
"807"," gup",1
"808"," gur",4
"809"," gus",5
"810"," gut",3
"811"," guy",2
"812"," gwi",1
"813"," gyb",2
"814"," gyo",1
"815"," gyp",1
"816"," gyr",6
"817"," gyv",2
"818"," haa",2
"819"," hab",2
"820"," hac",2
"821"," had",5
"822"," hae",2
"823"," haf",2
"824"," hah",1
"825"," hai",7
"826"," haj",3
"827"," hak",3
"828"," hal",14
"829"," ham",4
"830"," han",9
"831"," hao",1
"832"," hap",3
"833"," har",13
"834"," has",3
"835"," hat",4
"836"," hau",5
"837"," hav",4
"838"," haw",3
"839"," hay",3
"840"," haz",5
"841"," hea",12
"842"," heb",1
"843"," hec",1
"844"," hed",3
"845"," hee",3
"846"," hef",2
"847"," hei",4
"848"," hel",9
"849"," hem",6
"850"," hen",5
"851"," her",12
"852"," hes",1
"853"," het",1
"854"," heu",2
"855"," hew",2
"856"," hex",5
"857"," hic",1
"858"," hid",3
"859"," hig",2
"860"," hij",2
"861"," hik",3
"862"," hil",7
"863"," hin",5
"864"," hip",3
"865"," hir",4
"866"," his",2
"867"," hit",1
"868"," hiv",2
"869"," hoa",4
"870"," hob",2
"871"," hoc",2
"872"," hod",1
"873"," hoe",1
"874"," hog",2
"875"," hoi",3
"876"," hok",5
"877"," hol",10
"878"," hom",6
"879"," hon",11
"880"," hoo",12
"881"," hop",4
"882"," hor",9
"883"," hos",8
"884"," hot",3
"885"," hou",4
"886"," hov",2
"887"," how",6
"888"," hoy",2
"889"," hub",1
"890"," huc",1
"891"," huf",2
"892"," hug",1
"893"," hul",5
"894"," hum",8
"895"," hun",4
"896"," hur",6
"897"," hus",3
"898"," hut",1
"899"," huz",1
"900"," hyd",2
"901"," hye",1
"902"," hyi",1
"903"," hyl",1
"904"," hym",2
"905"," hyo",1
"906"," hyp",5
"907"," hyr",1
"908"," hys",1
"909"," iam",2
"910"," ich",1
"911"," ici",3
"912"," ick",1
"913"," ico",1
"914"," ict",2
"915"," ide",2
"916"," idi",2
"917"," idl",3
"918"," ido",1
"919"," idy",2
"920"," igg",1
"921"," igl",2
"922"," ihr",1
"923"," ika",1
"924"," iko",1
"925"," ile",4
"926"," ili",4
"927"," ill",1
"928"," ima",4
"929"," imb",2
"930"," imi",5
"931"," imm",1
"932"," imp",4
"933"," ina",3
"934"," inb",1
"935"," inc",3
"936"," ind",6
"937"," ine",2
"938"," inf",4
"939"," ing",2
"940"," ini",1
"941"," ink",3
"942"," inl",2
"943"," inn",2
"944"," inp",1
"945"," inr",1
"946"," ins",1
"947"," int",3
"948"," inu",2
"949"," inv",1
"950"," iod",3
"951"," ion",1
"952"," iot",1
"953"," ira",2
"954"," iri",2
"955"," irk",1
"956"," iro",4
"957"," isb",1
"958"," isl",3
"959"," iss",2
"960"," ist",1
"961"," itc",1
"962"," ite",1
"963"," ith",1
"964"," ivi",2
"965"," ivo",1
"966"," ixi",1
"967"," ixo",1
"968"," ixt",1
"969"," iza",1
"970"," jab",1
"971"," jac",3
"972"," jad",2
"973"," jag",4
"974"," jai",1
"975"," jak",1
"976"," jal",2
"977"," jam",3
"978"," jan",2
"979"," jap",4
"980"," jar",1
"981"," jat",1
"982"," jau",3
"983"," jav",1
"984"," jaw",2
"985"," jaz",1
"986"," jea",1
"987"," jeb",1
"988"," jee",2
"989"," jef",1
"990"," jeh",2
"991"," jel",3
"992"," jem",1
"993"," jen",1
"994"," jer",4
"995"," jes",2
"996"," jet",3
"997"," jew",2
"998"," jib",4
"999"," jif",2
"1000"," jig",1
"1001"," jih",1
"1002"," jil",2
"1003"," jim",2
"1004"," jin",4
"1005"," jis",1
"1006"," jiv",4
"1007"," jna",1
"1008"," joc",2
"1009"," joe",1
"1010"," joh",1
"1011"," joi",3
"1012"," jok",4
"1013"," jol",4
"1014"," jom",1
"1015"," jon",1
"1016"," jor",2
"1017"," jot",2
"1018"," jou",4
"1019"," jow",4
"1020"," joy",1
"1021"," jub",2
"1022"," juc",1
"1023"," jud",3
"1024"," jug",2
"1025"," jui",2
"1026"," juj",1
"1027"," juk",3
"1028"," jul",1
"1029"," jum",3
"1030"," jun",5
"1031"," jup",2
"1032"," jur",4
"1033"," jus",1
"1034"," jut",2
"1035"," kab",3
"1036"," kad",1
"1037"," kaf",1
"1038"," kag",1
"1039"," kai",4
"1040"," kak",2
"1041"," kal",4
"1042"," kam",2
"1043"," kan",4
"1044"," kao",1
"1045"," kap",5
"1046"," kar",6
"1047"," kas",1
"1048"," kat",1
"1049"," kau",2
"1050"," kav",1
"1051"," kay",2
"1052"," kaz",1
"1053"," kba",1
"1054"," keb",3
"1055"," kec",1
"1056"," ked",1
"1057"," kee",7
"1058"," kef",1
"1059"," kei",1
"1060"," kel",6
"1061"," kem",2
"1062"," ken",5
"1063"," kep",1
"1064"," ker",5
"1065"," ket",2
"1066"," kev",2
"1067"," kex",1
"1068"," key",1
"1069"," kha",6
"1070"," khe",3
"1071"," kho",1
"1072"," kia",1
"1073"," kib",5
"1074"," kic",2
"1075"," kid",2
"1076"," kie",2
"1077"," kik",1
"1078"," kil",6
"1079"," kin",8
"1080"," kio",1
"1081"," kir",2
"1082"," kis",2
"1083"," kit",6
"1084"," kiv",1
"1085"," kiw",1
"1086"," kli",2
"1087"," klo",2
"1088"," klu",2
"1089"," kna",6
"1090"," kne",6
"1091"," kni",3
"1092"," kno",9
"1093"," knu",2
"1094"," koa",2
"1095"," kob",1
"1096"," koe",1
"1097"," koh",1
"1098"," koi",1
"1099"," koj",1
"1100"," kol",2
"1101"," kom",1
"1102"," kon",1
"1103"," koo",2
"1104"," kop",4
"1105"," kor",5
"1106"," kot",2
"1107"," kra",4
"1108"," kre",2
"1109"," kri",1
"1110"," kro",3
"1111"," kru",1
"1112"," kud",3
"1113"," kuf",1
"1114"," kug",1
"1115"," kuk",1
"1116"," kul",1
"1117"," kum",1
"1118"," kur",2
"1119"," kus",1
"1120"," kva",1
"1121"," kve",1
"1122"," kya",4
"1123"," kyl",1
"1124"," kyr",1
"1125"," kyt",2
"1126"," laa",1
"1127"," lab",4
"1128"," lac",5
"1129"," lad",5
"1130"," lae",1
"1131"," lag",2
"1132"," lah",1
"1133"," lai",7
"1134"," lak",4
"1135"," lal",1
"1136"," lam",8
"1137"," lan",5
"1138"," lap",4
"1139"," lar",12
"1140"," las",6
"1141"," lat",11
"1142"," lau",4
"1143"," lav",4
"1144"," law",3
"1145"," lax",3
"1146"," lay",4
"1147"," laz",3
"1148"," lea",19
"1149"," leb",1
"1150"," led",2
"1151"," lee",5
"1152"," lef",2
"1153"," leg",5
"1154"," leh",2
"1155"," lem",4
"1156"," len",6
"1157"," leo",1
"1158"," lep",2
"1159"," les",2
"1160"," let",3
"1161"," leu",1
"1162"," lev",5
"1163"," lew",1
"1164"," lex",2
"1165"," lez",1
"1166"," lia",5
"1167"," lib",4
"1168"," lic",4
"1169"," lid",2
"1170"," lie",5
"1171"," lif",2
"1172"," lig",3
"1173"," lik",4
"1174"," lil",3
"1175"," lim",16
"1176"," lin",19
"1177"," lio",1
"1178"," lip",3
"1179"," lir",2
"1180"," lis",3
"1181"," lit",6
"1182"," liv",6
"1183"," lla",2
"1184"," loa",7
"1185"," lob",5
"1186"," loc",6
"1187"," lod",3
"1188"," loe",1
"1189"," lof",2
"1190"," log",9
"1191"," loi",2
"1192"," lol",2
"1193"," lon",3
"1194"," loo",14
"1195"," lop",4
"1196"," lor",6
"1197"," los",4
"1198"," lot",7
"1199"," lou",11
"1200"," lov",4
"1201"," low",5
"1202"," lox",2
"1203"," loy",1
"1204"," lua",1
"1205"," lub",2
"1206"," luc",5
"1207"," lud",2
"1208"," luf",2
"1209"," lug",3
"1210"," lul",2
"1211"," lum",4
"1212"," lun",10
"1213"," lup",2
"1214"," lur",7
"1215"," lus",3
"1216"," lut",3
"1217"," lux",1
"1218"," lwe",1
"1219"," lya",3
"1220"," lyc",3
"1221"," lyi",1
"1222"," lym",1
"1223"," lyn",1
"1224"," lyr",2
"1225"," lys",5
"1226"," lyt",2
"1227"," maa",1
"1228"," mab",1
"1229"," mac",11
"1230"," mad",3
"1231"," maf",2
"1232"," mag",5
"1233"," mah",1
"1234"," mai",9
"1235"," maj",1
"1236"," mak",4
"1237"," mal",8
"1238"," mam",7
"1239"," man",17
"1240"," map",1
"1241"," maq",1
"1242"," mar",15
"1243"," mas",9
"1244"," mat",11
"1245"," mau",5
"1246"," mav",4
"1247"," maw",1
"1248"," max",4
"1249"," may",7
"1250"," maz",3
"1251"," mbi",1
"1252"," mea",8
"1253"," mec",1
"1254"," med",4
"1255"," mee",2
"1256"," mei",1
"1257"," mel",7
"1258"," mem",2
"1259"," men",7
"1260"," meo",2
"1261"," mer",12
"1262"," mes",6
"1263"," met",9
"1264"," mew",2
"1265"," mez",2
"1266"," mia",4
"1267"," mic",5
"1268"," mid",4
"1269"," mie",1
"1270"," mif",2
"1271"," mig",2
"1272"," mik",3
"1273"," mil",13
"1274"," mim",5
"1275"," min",18
"1276"," mir",8
"1277"," mis",7
"1278"," mit",5
"1279"," mix",4
"1280"," miz",1
"1281"," moa",2
"1282"," moc",2
"1283"," mod",5
"1284"," mog",2
"1285"," moh",2
"1286"," moi",4
"1287"," moj",1
"1288"," mok",1
"1289"," mol",10
"1290"," mom",4
"1291"," mon",11
"1292"," moo",12
"1293"," mop",4
"1294"," mor",12
"1295"," mos",6
"1296"," mot",11
"1297"," mou",10
"1298"," mov",4
"1299"," mow",2
"1300"," mox",2
"1301"," moz",1
"1302"," muc",8
"1303"," mud",2
"1304"," muf",2
"1305"," mug",2
"1306"," muh",1
"1307"," muj",1
"1308"," mul",7
"1309"," mum",4
"1310"," mun",3
"1311"," muo",1
"1312"," mur",12
"1313"," mus",12
"1314"," mut",6
"1315"," muz",1
"1316"," myl",1
"1317"," myn",2
"1318"," myo",4
"1319"," myr",1
"1320"," mys",1
"1321"," myt",2
"1322"," naa",1
"1323"," nab",3
"1324"," nac",2
"1325"," nad",2
"1326"," nae",1
"1327"," naf",1
"1328"," nag",1
"1329"," nai",6
"1330"," nak",2
"1331"," nal",2
"1332"," nam",3
"1333"," nan",4
"1334"," nap",5
"1335"," nar",8
"1336"," nas",2
"1337"," nat",4
"1338"," nav",5
"1339"," naw",1
"1340"," naz",1
"1341"," nea",4
"1342"," nec",1
"1343"," ned",1
"1344"," nee",4
"1345"," neg",1
"1346"," nei",3
"1347"," nel",1
"1348"," nem",1
"1349"," nen",1
"1350"," neo",1
"1351"," ner",7
"1352"," nes",1
"1353"," net",3
"1354"," neu",3
"1355"," nev",3
"1356"," new",6
"1357"," nex",1
"1358"," ngw",1
"1359"," nic",5
"1360"," nid",4
"1361"," nie",2
"1362"," nif",1
"1363"," nig",2
"1364"," nih",1
"1365"," nil",1
"1366"," nim",1
"1367"," nin",5
"1368"," nip",2
"1369"," nis",2
"1370"," nit",7
"1371"," niv",1
"1372"," nix",3
"1373"," niz",1
"1374"," nob",3
"1375"," noc",1
"1376"," nod",4
"1377"," noe",1
"1378"," nog",1
"1379"," noh",1
"1380"," noi",5
"1381"," nol",1
"1382"," nom",6
"1383"," non",5
"1384"," noo",4
"1385"," nop",1
"1386"," nor",4
"1387"," nos",3
"1388"," not",6
"1389"," nou",1
"1390"," nov",3
"1391"," now",2
"1392"," nub",2
"1393"," nuc",1
"1394"," nud",5
"1395"," nuk",2
"1396"," nul",1
"1397"," num",2
"1398"," nur",3
"1399"," nut",2
"1400"," nya",1
"1401"," nyl",1
"1402"," nym",1
"1403"," oak",2
"1404"," oar",1
"1405"," oas",3
"1406"," oat",3
"1407"," oav",1
"1408"," obe",4
"1409"," obi",2
"1410"," obj",1
"1411"," obo",4
"1412"," occ",1
"1413"," oce",1
"1414"," och",3
"1415"," ock",1
"1416"," ocr",1
"1417"," oct",5
"1418"," ocu",1
"1419"," oda",1
"1420"," odd",2
"1421"," ode",2
"1422"," odi",2
"1423"," odo",2
"1424"," ody",2
"1425"," ofa",1
"1426"," off",3
"1427"," oft",2
"1428"," oga",1
"1429"," oge",1
"1430"," ogh",1
"1431"," ogi",1
"1432"," ogl",3
"1433"," ogr",1
"1434"," ohi",2
"1435"," ohm",1
"1436"," oid",1
"1437"," oil",2
"1438"," oin",1
"1439"," oka",2
"1440"," oke",1
"1441"," okr",1
"1442"," old",3
"1443"," ole",4
"1444"," oli",2
"1445"," oll",1
"1446"," olo",1
"1447"," oma",1
"1448"," omb",2
"1449"," ome",3
"1450"," omi",1
"1451"," onc",1
"1452"," one",1
"1453"," oni",2
"1454"," onl",1
"1455"," ons",1
"1456"," ont",1
"1457"," ooh",1
"1458"," oom",1
"1459"," oor",1
"1460"," oot",1
"1461"," ooz",2
"1462"," opa",2
"1463"," ope",2
"1464"," opi",3
"1465"," ops",1
"1466"," opt",2
"1467"," ora",4
"1468"," orb",2
"1469"," orc",2
"1470"," ord",2
"1471"," ore",1
"1472"," org",2
"1473"," ori",2
"1474"," orl",3
"1475"," orm",1
"1476"," orn",1
"1477"," orp",1
"1478"," orr",1
"1479"," ort",1
"1480"," orz",1
"1481"," osi",1
"1482"," osm",2
"1483"," oss",1
"1484"," ost",1
"1485"," oth",1
"1486"," ott",3
"1487"," oug",1
"1488"," oun",1
"1489"," oup",2
"1490"," our",1
"1491"," ous",2
"1492"," out",6
"1493"," ouz",2
"1494"," ova",3
"1495"," ove",3
"1496"," ovi",1
"1497"," ovo",3
"1498"," ovu",1
"1499"," owi",1
"1500"," owl",1
"1501"," own",2
"1502"," ows",1
"1503"," oxb",1
"1504"," oxe",1
"1505"," oxi",4
"1506"," oxl",1
"1507"," oxt",1
"1508"," oye",1
"1509"," ozo",1
"1510"," pac",8
"1511"," pad",5
"1512"," pae",2
"1513"," pag",5
"1514"," pai",7
"1515"," pal",12
"1516"," pam",1
"1517"," pan",13
"1518"," pap",6
"1519"," par",25
"1520"," pas",8
"1521"," pat",11
"1522"," pau",1
"1523"," pav",7
"1524"," paw",5
"1525"," pax",1
"1526"," pay",4
"1527"," pea",15
"1528"," pec",4
"1529"," ped",3
"1530"," pee",7
"1531"," pei",2
"1532"," pek",4
"1533"," pel",4
"1534"," pen",10
"1535"," peo",2
"1536"," pep",3
"1537"," per",14
"1538"," pes",5
"1539"," pet",6
"1540"," pew",2
"1541"," pha",2
"1542"," phi",1
"1543"," phl",1
"1544"," pho",6
"1545"," php",1
"1546"," phu",1
"1547"," phy",2
"1548"," pia",2
"1549"," pib",1
"1550"," pic",6
"1551"," pie",4
"1552"," pig",2
"1553"," pii",1
"1554"," pik",5
"1555"," pil",12
"1556"," pim",2
"1557"," pin",18
"1558"," pio",2
"1559"," pip",6
"1560"," piq",1
"1561"," pir",2
"1562"," pis",3
"1563"," pit",6
"1564"," piv",1
"1565"," pix",3
"1566"," piz",1
"1567"," pla",18
"1568"," ple",8
"1569"," pli",5
"1570"," plo",7
"1571"," plu",9
"1572"," ply",1
"1573"," poa",1
"1574"," pob",1
"1575"," poc",2
"1576"," pod",2
"1577"," poe",3
"1578"," pog",1
"1579"," poi",4
"1580"," pok",4
"1581"," pol",11
"1582"," pom",4
"1583"," pon",4
"1584"," poo",11
"1585"," pop",4
"1586"," por",10
"1587"," pos",6
"1588"," pot",3
"1589"," pou",8
"1590"," pow",1
"1591"," pox",2
"1592"," poy",1
"1593"," pra",12
"1594"," pre",11
"1595"," pri",24
"1596"," pro",23
"1597"," pru",3
"1598"," pry",1
"1599"," psa",1
"1600"," pse",1
"1601"," psh",1
"1602"," pso",3
"1603"," psy",1
"1604"," pub",3
"1605"," puc",3
"1606"," pud",2
"1607"," puf",2
"1608"," pug",1
"1609"," puj",2
"1610"," puk",3
"1611"," pul",9
"1612"," pum",2
"1613"," pun",11
"1614"," pup",6
"1615"," pur",11
"1616"," pus",3
"1617"," put",5
"1618"," pyg",1
"1619"," pyi",1
"1620"," pyl",1
"1621"," pyo",1
"1622"," pyr",5
"1623"," pyx",3
"1624"," qad",1
"1625"," qai",1
"1626"," qan",1
"1627"," qop",1
"1628"," qua",19
"1629"," qub",1
"1630"," que",9
"1631"," qui",15
"1632"," quo",7
"1633"," qur",1
"1634"," rab",4
"1635"," rac",5
"1636"," rad",5
"1637"," raf",2
"1638"," rag",7
"1639"," rai",7
"1640"," raj",3
"1641"," rak",6
"1642"," ral",3
"1643"," ram",8
"1644"," ran",11
"1645"," rap",5
"1646"," rar",3
"1647"," ras",5
"1648"," rat",11
"1649"," rav",6
"1650"," raw",3
"1651"," rax",2
"1652"," ray",4
"1653"," raz",5
"1654"," rea",13
"1655"," reb",9
"1656"," rec",10
"1657"," red",15
"1658"," ree",9
"1659"," ref",7
"1660"," reg",4
"1661"," reh",2
"1662"," rei",6
"1663"," rej",1
"1664"," rek",1
"1665"," rel",5
"1666"," rem",6
"1667"," ren",7
"1668"," reo",1
"1669"," rep",9
"1670"," rer",3
"1671"," res",12
"1672"," ret",8
"1673"," reu",1
"1674"," rev",3
"1675"," rew",6
"1676"," rex",1
"1677"," rhe",3
"1678"," rhi",1
"1679"," rho",1
"1680"," rhu",1
"1681"," rhy",2
"1682"," ria",3
"1683"," rib",2
"1684"," ric",5
"1685"," rid",4
"1686"," rie",1
"1687"," rif",4
"1688"," rig",3
"1689"," ril",5
"1690"," rim",3
"1691"," rin",5
"1692"," rio",2
"1693"," rip",4
"1694"," ris",7
"1695"," rit",2
"1696"," riv",6
"1697"," riy",1
"1698"," roa",6
"1699"," rob",5
"1700"," roc",2
"1701"," rod",2
"1702"," rog",2
"1703"," roi",2
"1704"," rol",3
"1705"," rom",3
"1706"," ron",1
"1707"," roo",10
"1708"," rop",4
"1709"," roq",1
"1710"," ros",5
"1711"," rot",8
"1712"," rou",12
"1713"," rov",4
"1714"," row",7
"1715"," roy",1
"1716"," rua",1
"1717"," rub",5
"1718"," ruc",2
"1719"," rud",3
"1720"," rue",1
"1721"," ruf",2
"1722"," rug",3
"1723"," rui",2
"1724"," rul",3
"1725"," rum",5
"1726"," run",6
"1727"," rup",1
"1728"," rur",1
"1729"," rus",5
"1730"," rut",3
"1731"," ryk",2
"1732"," ryn",1
"1733"," ryo",1
"1734"," sab",10
"1735"," sac",2
"1736"," sad",5
"1737"," saf",2
"1738"," sag",6
"1739"," sah",1
"1740"," sai",7
"1741"," saj",1
"1742"," sak",3
"1743"," sal",16
"1744"," sam",4
"1745"," san",8
"1746"," sap",3
"1747"," sar",11
"1748"," sas",2
"1749"," sat",7
"1750"," sau",9
"1751"," sav",7
"1752"," saw",2
"1753"," sax",1
"1754"," say",4
"1755"," sca",23
"1756"," sce",4
"1757"," sch",4
"1758"," sci",1
"1759"," sco",14
"1760"," scr",10
"1761"," scu",15
"1762"," sea",5
"1763"," seb",1
"1764"," sec",2
"1765"," sed",5
"1766"," see",9
"1767"," seg",4
"1768"," sei",5
"1769"," sel",5
"1770"," sem",3
"1771"," sen",8
"1772"," sep",6
"1773"," ser",15
"1774"," set",5
"1775"," sev",2
"1776"," sew",4
"1777"," sex",4
"1778"," sha",30
"1779"," she",18
"1780"," shi",21
"1781"," shl",2
"1782"," sho",29
"1783"," shr",5
"1784"," sht",1
"1785"," shu",8
"1786"," shw",1
"1787"," shy",2
"1788"," sia",1
"1789"," sib",2
"1790"," sic",3
"1791"," sid",4
"1792"," sie",3
"1793"," sif",1
"1794"," sig",7
"1795"," sik",3
"1796"," sil",10
"1797"," sim",3
"1798"," sin",8
"1799"," sip",2
"1800"," sir",6
"1801"," sis",3
"1802"," sit",5
"1803"," siv",1
"1804"," six",5
"1805"," siz",4
"1806"," ska",5
"1807"," ske",13
"1808"," ski",20
"1809"," sko",3
"1810"," sku",4
"1811"," sky",2
"1812"," sla",17
"1813"," sle",6
"1814"," sli",14
"1815"," slo",13
"1816"," slu",14
"1817"," sly",3
"1818"," sma",7
"1819"," sme",6
"1820"," smi",4
"1821"," smo",6
"1822"," smu",2
"1823"," sna",14
"1824"," sne",6
"1825"," sni",7
"1826"," sno",13
"1827"," snu",4
"1828"," sny",1
"1829"," soa",5
"1830"," sob",2
"1831"," soc",4
"1832"," sod",4
"1833"," sof",5
"1834"," sog",1
"1835"," soi",1
"1836"," soj",1
"1837"," sok",2
"1838"," sol",13
"1839"," som",2
"1840"," son",8
"1841"," soo",5
"1842"," sop",4
"1843"," sor",13
"1844"," sot",2
"1845"," sou",9
"1846"," sow",3
"1847"," soy",2
"1848"," soz",1
"1849"," spa",25
"1850"," spe",16
"1851"," spi",26
"1852"," spl",3
"1853"," spo",12
"1854"," spr",8
"1855"," spu",10
"1856"," squ",7
"1857"," sta",30
"1858"," ste",21
"1859"," sti",17
"1860"," sto",34
"1861"," str",12
"1862"," stu",15
"1863"," sty",5
"1864"," sua",1
"1865"," sub",3
"1866"," suc",3
"1867"," sud",3
"1868"," sue",4
"1869"," sug",2
"1870"," sui",4
"1871"," sul",7
"1872"," sum",4
"1873"," sun",4
"1874"," sup",3
"1875"," sur",11
"1876"," sus",1
"1877"," sut",2
"1878"," swa",22
"1879"," swe",8
"1880"," swi",13
"1881"," swo",9
"1882"," swu",1
"1883"," syc",2
"1884"," syk",1
"1885"," syl",3
"1886"," syn",4
"1887"," syp",1
"1888"," syr",2
"1889"," sys",1
"1890"," tab",10
"1891"," tac",9
"1892"," tae",1
"1893"," taf",2
"1894"," tah",1
"1895"," tai",4
"1896"," taj",1
"1897"," tak",5
"1898"," tal",12
"1899"," tam",7
"1900"," tan",8
"1901"," tap",6
"1902"," tar",16
"1903"," tas",4
"1904"," tat",4
"1905"," tau",4
"1906"," taw",5
"1907"," tax",7
"1908"," taz",2
"1909"," tea",8
"1910"," tec",3
"1911"," ted",1
"1912"," tee",5
"1913"," tef",1
"1914"," teg",2
"1915"," tei",2
"1916"," tel",10
"1917"," tem",4
"1918"," ten",12
"1919"," tep",5
"1920"," ter",9
"1921"," tes",4
"1922"," tet",3
"1923"," teu",2
"1924"," tew",1
"1925"," tex",2
"1926"," tha",5
"1927"," the",15
"1928"," thi",11
"1929"," tho",7
"1930"," thr",8
"1931"," thu",8
"1932"," thy",3
"1933"," tia",1
"1934"," tib",1
"1935"," tic",2
"1936"," tid",3
"1937"," tie",1
"1938"," tif",1
"1939"," tig",3
"1940"," tik",3
"1941"," til",8
"1942"," tim",4
"1943"," tin",8
"1944"," tip",3
"1945"," tir",4
"1946"," tit",7
"1947"," tiz",1
"1948"," toa",3
"1949"," tod",2
"1950"," toe",1
"1951"," tof",4
"1952"," tog",3
"1953"," toi",3
"1954"," tok",5
"1955"," tol",8
"1956"," tom",4
"1957"," ton",12
"1958"," too",4
"1959"," top",12
"1960"," toq",1
"1961"," tor",18
"1962"," tot",5
"1963"," tou",5
"1964"," tow",6
"1965"," tox",2
"1966"," toy",4
"1967"," tra",21
"1968"," tre",11
"1969"," tri",20
"1970"," tro",19
"1971"," tru",13
"1972"," try",2
"1973"," tsa",3
"1974"," tsk",1
"1975"," tsu",1
"1976"," tub",7
"1977"," tuc",1
"1978"," tuf",4
"1979"," tul",3
"1980"," tum",4
"1981"," tun",7
"1982"," tup",1
"1983"," tuq",1
"1984"," tur",7
"1985"," tus",2
"1986"," tut",5
"1987"," tux",1
"1988"," tuy",1
"1989"," twa",4
"1990"," twe",5
"1991"," twi",12
"1992"," twy",1
"1993"," tye",2
"1994"," tyi",2
"1995"," tyk",1
"1996"," tyn",2
"1997"," typ",7
"1998"," tyr",3
"1999"," tyt",1
"2000"," tza",1
"2001"," udd",1
"2002"," udo",1
"2003"," uhl",1
"2004"," uka",1
"2005"," ula",2
"2006"," ulc",1
"2007"," ule",1
"2008"," uln",4
"2009"," ulp",1
"2010"," ult",1
"2011"," ulv",1
"2012"," uma",1
"2013"," umb",4
"2014"," umi",3
"2015"," ump",1
"2016"," una",5
"2017"," unb",4
"2018"," unc",7
"2019"," und",4
"2020"," unf",3
"2021"," ung",1
"2022"," unh",2
"2023"," uni",5
"2024"," unj",1
"2025"," unl",4
"2026"," unm",4
"2027"," unp",3
"2028"," unr",2
"2029"," uns",4
"2030"," unt",2
"2031"," unw",4
"2032"," unz",1
"2033"," upb",2
"2034"," upd",2
"2035"," upe",1
"2036"," upl",1
"2037"," upp",2
"2038"," ups",1
"2039"," ura",5
"2040"," urb",2
"2041"," ure",4
"2042"," urg",3
"2043"," uri",2
"2044"," urp",1
"2045"," urs",2
"2046"," usa",1
"2047"," use",1
"2048"," ush",1
"2049"," usi",1
"2050"," usn",1
"2051"," usq",1
"2052"," usu",3
"2053"," ute",1
"2054"," uti",1
"2055"," utt",1
"2056"," uve",2
"2057"," uvu",1
"2058"," vac",1
"2059"," vag",3
"2060"," vai",2
"2061"," vak",1
"2062"," val",7
"2063"," vam",2
"2064"," van",4
"2065"," vap",2
"2066"," var",6
"2067"," vas",4
"2068"," vat",2
"2069"," vau",2
"2070"," vea",2
"2071"," vee",4
"2072"," veg",3
"2073"," vei",3
"2074"," vel",4
"2075"," ven",9
"2076"," ver",8
"2077"," ves",2
"2078"," vet",1
"2079"," vex",4
"2080"," via",2
"2081"," vib",1
"2082"," vic",4
"2083"," vid",1
"2084"," vie",3
"2085"," vig",4
"2086"," vil",4
"2087"," vim",1
"2088"," vin",8
"2089"," vio",2
"2090"," vip",1
"2091"," vir",8
"2092"," vis",6
"2093"," vit",3
"2094"," viv",2
"2095"," vix",1
"2096"," viz",2
"2097"," voc",3
"2098"," vod",3
"2099"," vog",2
"2100"," voi",4
"2101"," vol",8
"2102"," vom",2
"2103"," vot",3
"2104"," vou",1
"2105"," vow",3
"2106"," vro",3
"2107"," vug",3
"2108"," vul",2
"2109"," vyi",1
"2110"," wac",4
"2111"," wad",5
"2112"," waf",3
"2113"," wag",4
"2114"," wah",1
"2115"," wai",7
"2116"," wak",4
"2117"," wal",8
"2118"," wam",2
"2119"," wan",7
"2120"," war",9
"2121"," was",5
"2122"," wat",4
"2123"," wau",3
"2124"," wav",4
"2125"," waw",1
"2126"," wax",4
"2127"," waz",1
"2128"," wea",6
"2129"," web",2
"2130"," wec",1
"2131"," wed",3
"2132"," wee",9
"2133"," wef",1
"2134"," wei",3
"2135"," wek",1
"2136"," wel",6
"2137"," wen",3
"2138"," wes",1
"2139"," wet",1
"2140"," wha",9
"2141"," whe",13
"2142"," whi",21
"2143"," who",10
"2144"," whu",2
"2145"," wic",2
"2146"," wid",6
"2147"," wie",1
"2148"," wif",4
"2149"," wig",3
"2150"," wil",7
"2151"," wim",2
"2152"," win",12
"2153"," wip",3
"2154"," wir",4
"2155"," wis",7
"2156"," wit",7
"2157"," wiv",3
"2158"," wiz",2
"2159"," woa",2
"2160"," wod",1
"2161"," wof",1
"2162"," wok",1
"2163"," wol",2
"2164"," wom",5
"2165"," won",3
"2166"," woo",10
"2167"," wor",11
"2168"," wou",2
"2169"," wov",1
"2170"," wow",1
"2171"," wra",5
"2172"," wre",4
"2173"," wri",8
"2174"," wro",3
"2175"," wru",1
"2176"," wry",2
"2177"," wur",1
"2178"," wus",2
"2179"," wyl",2
"2180"," wyn",2
"2181"," wyt",2
"2182"," xeb",1
"2183"," xen",3
"2184"," xer",3
"2185"," xyl",4
"2186"," xys",2
"2187"," yab",1
"2188"," yac",2
"2189"," yaf",1
"2190"," yag",2
"2191"," yah",1
"2192"," yai",1
"2193"," yam",2
"2194"," yan",2
"2195"," yap",2
"2196"," yar",3
"2197"," yau",3
"2198"," yaw",5
"2199"," ycl",1
"2200"," yea",5
"2201"," yec",3
"2202"," yeg",1
"2203"," yel",3
"2204"," yen",2
"2205"," yer",2
"2206"," yes",1
"2207"," yet",2
"2208"," yeu",2
"2209"," yie",1
"2210"," yik",1
"2211"," yil",1
"2212"," yin",1
"2213"," yip",1
"2214"," yir",3
"2215"," yle",1
"2216"," yob",1
"2217"," yoc",1
"2218"," yod",3
"2219"," yog",6
"2220"," yok",3
"2221"," yol",2
"2222"," yom",1
"2223"," yon",2
"2224"," yor",1
"2225"," you",5
"2226"," yow",4
"2227"," yua",1
"2228"," yuc",5
"2229"," yug",1
"2230"," yuk",1
"2231"," yul",2
"2232"," yum",1
"2233"," yup",2
"2234"," yur",2
"2235"," zai",1
"2236"," zam",1
"2237"," zan",1
"2238"," zap",1
"2239"," zar",1
"2240"," zax",1
"2241"," zay",1
"2242"," zaz",1
"2243"," zea",1
"2244"," zeb",3
"2245"," zei",1
"2246"," zer",2
"2247"," zes",2
"2248"," zet",1
"2249"," zib",1
"2250"," zil",2
"2251"," zin",7
"2252"," zip",1
"2253"," zir",1
"2254"," zit",1
"2255"," ziz",1
"2256"," zlo",2
"2257"," zoe",3
"2258"," zom",1
"2259"," zon",6
"2260"," zoo",6
"2261"," zor",2
"2262"," zou",1
"2263"," zow",1
"2264"," zuz",1
"2265"," zym",1
